Ticker,Date,Revenue,OperatingProfit,EBITDA,NetIncome,TotalAssets,CommonEquity,EPS,OperatingCashFlow,CapEx,GrossMargin,OperatingMargin,NetMargin,ROE_TTM,ROA_TTM,CurrentRatio,DebtToEquity,MarketCap,RevenueGrowthQoQ,RevenueGrowthYoY,EPSGrowthYoY,NetIncomeGrowthYoY,StockReturnQoQ,LogAssets,FreeCashFlow
AAPL,2021-09-25,83360.0,23786.0,26775.0,20551.0,351002.0,63090.0,1.24,20200.0,3223.0,42.2,28.53,24.65,147.44,28.06,1.07,199.03,2428611.99,,,,,,12.768547200437467,16977.0
AAPL,2021-12-25,123945.0,41488.0,44185.0,34630.0,381191.0,71932.0,2.1,46966.0,2803.0,43.76,33.47,27.94,145.57,27.35,1.04,170.71,2892119.66,48.686420345489445,,,,19.08529118313378,12.851055840829746,44163.0
AAPL,2022-03-26,97278.0,29979.0,32716.0,25010.0,350662.0,67399.0,1.52,28166.0,2514.0,43.75,30.82,25.71,149.27,29.64,0.93,178.02,2851332.73,-21.51518818830933,,,,-1.4102780934036496,12.76757807553834,25652.0
AAPL,2022-06-25,82959.0,23076.0,25881.0,19442.0,336309.0,58107.0,1.2,22892.0,2102.0,43.26,27.82,23.44,162.82,29.91,0.86,205.98,2292792.74,-14.719669401097878,,,,-19.588734212720226,12.725785659190073,20790.0
AAPL,2022-09-24,90146.0,24894.0,27759.0,20721.0,352755.0,50672.0,1.29,24127.0,3289.0,42.26,27.62,22.99,175.46,28.36,0.88,236.95,2417523.22,8.663315613736899,8.140595009596918,4.0322580645161255,0.8272103547272591,5.440111433709438,12.773529043959043,20838.0
AAPL,2022-12-31,117154.0,36016.0,38932.0,29998.0,346747.0,56727.0,1.88,34005.0,3787.0,42.96,30.74,25.61,147.94,26.15,0.94,195.87,2066941.77,29.960286646107413,-5.479043123966276,-10.476190476190483,-13.375685821542016,-14.501678705696165,12.75635068637325,30218.0
AAPL,2023-04-01,94836.0,28318.0,31216.0,24160.0,332160.0,62158.0,1.52,28560.0,2916.0,44.26,29.86,25.48,145.61,27.63,0.94,176.35,2592789.65,-19.050139133106846,-2.5103312156911084,0.0,-3.398640543782483,25.440865709535675,12.713372059519607,25644.0
AAPL,2023-07-01,81797.0,22998.0,26050.0,19881.0,335038.0,60274.0,1.26,26380.0,2093.0,44.52,28.12,24.31,160.09,28.23,0.98,181.31,3050896.33,-13.748998270698888,-1.400691908050966,5.000000000000004,2.257998148338647,17.668486141943696,12.721999237210007,24287.0
AAPL,2023-09-30,89498.0,26969.0,29622.0,22956.0,352583.0,62146.0,1.46,21598.0,2163.0,45.17,30.13,25.65,171.95,27.5,0.99,178.75,2676736.86,9.41477071286232,-0.7188338916868209,13.178294573643413,10.786158969161729,-12.263919501977972,12.77304133451078,19435.0
AAPL,2023-12-30,119575.0,40373.0,43221.0,33916.0,353514.0,74100.0,2.18,39895.0,2392.0,45.87,33.76,28.36,154.27,28.82,1.07,145.8,2994371.34,33.606337571789325,2.066510746538741,15.957446808510657,13.06087072471498,11.866481339521728,12.775678367494944,37503.0
AAPL,2024-03-30,90753.0,27900.0,30736.0,23636.0,337411.0,74194.0,1.53,22690.0,1996.0,46.58,30.74,26.04,147.25,29.99,1.04,140.97,2647973.75,-24.103700606314028,-4.305327090978106,0.6578947368421018,-2.168874172185431,-11.568290992258824,12.729057050815083,20694.0
AAPL,2024-06-29,85777.0,25352.0,28202.0,21448.0,331612.0,66708.0,1.4,28858.0,2151.0,46.26,29.56,25.0,160.58,30.59,0.95,151.86,3229664.35,-5.483014335614245,4.865704121178038,11.111111111111093,7.881897288868767,21.96738543952712,12.71172088976703,26707.0
AAPL,2024-09-28,94930.0,29591.0,32502.0,24982.0,364980.0,56950.0,1.64,26811.0,2908.0,46.22,31.17,26.32,174.62,28.98,0.87,187.23,3463350.37,10.670692609907096,6.069409372276469,12.328767123287676,8.825579369228098,7.23561319924777,12.807597836542806,23903.0
AAPL,2024-12-28,124300.0,42832.0,45912.0,36330.0,344085.0,66758.0,2.4,29935.0,2940.0,46.88,34.46,29.23,151.07,30.5,0.92,145.0,3863453.2,30.938586326767094,3.951494877691819,10.091743119266038,7.117584620827921,11.552479167737228,12.748643998856338,26995.0
AAPL,2025-03-29,95359.0,29589.0,32250.0,24780.0,331233.0,66796.0,1.65,23952.0,3071.0,47.05,31.03,25.99,152.55,32.17,0.82,146.99,3273309.71,-23.283185840707965,5.075314314678292,7.843137254901955,4.840074462684041,-15.275026238185053,12.710577334210898,20881.0
AAPL,2025-06-28,94036.0,28203.0,31033.0,23434.0,331495.0,65830.0,1.57,27867.0,3462.0,46.49,29.99,24.92,165.27,33.03,0.87,154.49,3003295.89,-1.387388710032611,9.628455180293095,12.142857142857144,9.259604625139882,-8.248954236597427,12.711368005538047,24405.0
AAPL,2025-09-27,102466.0,32427.0,35554.0,26980.0,359241.0,73733.0,1.82,29728.0,3242.0,47.18,31.65,26.33,170.68,30.8,0.89,133.8,3791126.03,8.964651835467263,7.938480985989682,10.97560975609757,7.997758386037956,26.232185201039226,12.791748751435394,26486.0
AAPL,2025-12-27,143756.0,50852.0,54066.0,42097.0,379297.0,88190.0,2.84,53925.0,2373.0,48.16,35.37,29.28,151.39,32.43,0.97,102.63,4039854.91,40.29629340464154,15.652453740949323,18.333333333333336,15.873933388384254,6.5608180269332905,12.846074818339094,51552.0
AMD,2021-12-25,4826.0,1203.0,1321.0,974.0,12419.0,7497.0,0.8,822.0,86.0,50.27,24.93,20.18,47.43,29.58,2.02,4.18,176480.19,,,,,,9.426982836948033,736.0
AMD,2022-03-26,5887.0,1076.0,1704.0,786.0,66915.0,55333.0,0.56,995.0,71.0,42.89,18.28,13.35,10.98,8.82,2.4,3.23,193884.29,21.985080812266887,,,,9.861786753516078,11.111178436230475,924.0
AMD,2022-06-25,6550.0,661.0,1862.0,447.0,67502.0,55169.0,0.27,1038.0,132.0,36.82,10.09,6.82,10.06,8.01,2.44,5.03,141113.83,11.262102938678442,,,,-27.217501737763293,11.119912506051302,906.0
AMD,2022-09-24,5565.0,-21.0,1144.0,66.0,67811.0,54542.0,0.04,965.0,123.0,31.7,-0.38,1.19,7.37,5.76,2.16,4.52,109709.25,-15.038167938931302,,,,-22.254785374332187,11.1244797026566,842.0
AMD,2022-12-31,5599.0,-102.0,1118.0,21.0,,,0.01,567.0,124.0,32.18,-1.82,0.38,4.24,3.3,,,104512.93,0.610961365678353,16.017405719021973,-98.75,-97.84394250513347,-4.736446562163177,,443.0
AMD,2023-04-01,5353.0,-44.0,962.0,-139.0,67634.0,54694.0,-0.09,486.0,158.0,34.39,-0.82,-2.6,0.72,0.59,2.38,4.51,157737.92,-4.393641721736019,-9.070834041107522,-116.07142857142856,-117.68447837150127,50.9267035188852,11.121866094169665,328.0
AMD,2023-07-01,5359.0,6.0,855.0,27.0,67967.0,55136.0,0.02,379.0,125.0,36.61,0.11,0.5,-0.05,-0.04,2.18,4.47,183436.32,0.11208668036615244,-18.18320610687023,-92.5925925925926,-93.95973154362416,16.291833948361933,11.126777572247295,254.0
AMD,2023-09-30,5800.0,253.0,1076.0,299.0,67626.0,54970.0,0.18,421.0,124.0,39.6,4.36,5.16,0.38,0.31,2.19,4.49,166123.33,8.22914722896062,4.222821203953275,350.0,353.030303030303,-9.438147254589502,11.121747803470134,297.0
AMD,2023-12-30,6168.0,410.0,1209.0,667.0,67885.0,55892.0,0.41,381.0,139.0,40.39,6.65,10.81,1.54,1.26,2.51,4.42,238140.69,6.3448275862068915,10.162529023039824,4000.0,3076.190476190476,43.35174355101119,11.125570376034382,242.0
AMD,2024-03-30,5473.0,127.0,911.0,123.0,67895.0,56198.0,0.08,521.0,142.0,39.61,2.32,2.25,2.01,1.65,2.64,4.39,291697.11,-11.267833981841768,2.2417336073230043,-188.88888888888889,-188.48920863309354,22.489403217904492,11.125717673132895,379.0
AMD,2024-06-29,5835.0,259.0,1028.0,265.0,67886.0,56538.0,0.16,593.0,154.0,42.71,4.44,4.54,2.42,1.99,2.82,3.04,262182.27,6.6142883245021045,8.88225415189401,700.0,881.4814814814815,-10.118317593204807,11.12558510672061,439.0
AMD,2024-09-28,6819.0,710.0,1466.0,771.0,69636.0,56985.0,0.47,628.0,132.0,44.98,10.41,11.31,3.26,2.66,2.5,3.02,265997.49,16.863753213367616,17.568965517241388,161.11111111111111,157.85953177257522,1.4551784909025312,11.15103695397861,496.0
AMD,2024-12-28,7658.0,1297.0,2052.0,482.0,69226.0,57568.0,0.29,1299.0,208.0,46.36,16.94,6.29,2.89,2.39,2.62,2.99,203159.25,12.303856870508877,24.156939040207526,-29.268292682926834,-27.736131934032983,-23.62362141086368,11.145131793583074,1091.0
AMD,2025-03-29,7438.0,806.0,1548.0,709.0,71550.0,57881.0,0.44,939.0,212.0,45.98,10.84,9.53,3.9,3.19,2.8,7.19,166834.23,-2.8728127448419905,35.903526402338755,450.0,476.4227642276423,-17.88007191402803,11.178151784984596,727.0
AMD,2025-06-28,7685.0,-134.0,623.0,768.0,74820.0,59665.0,0.47,1462.0,282.0,35.8,-1.74,9.99,4.7,3.83,2.49,5.39,233174.14,3.3207851573003433,31.705227077977717,193.74999999999994,189.81132075471697,39.76396810174987,11.222840507902138,1180.0
AMD,2025-09-27,9246.0,1270.0,2024.0,1172.0,76891.0,60790.0,0.71,1788.0,258.0,48.43,13.74,12.68,5.32,4.27,2.31,5.3,258778.65,20.31229668184775,35.5917289925209,51.06382978723405,52.010376134889746,10.980853194097762,11.25014411353406,1530.0
AMD,2025-12-27,10270.0,1846.0,2597.0,1620.0,76926.0,62999.0,1.01,2304.0,222.0,51.41,17.97,15.77,7.08,5.84,2.85,5.11,350012.65,11.075059485182791,34.10812222512405,248.27586206896552,236.09958506224066,35.25561324320998,11.250599199780755,2082.0
GD,2021-12-31,10292.0,1186.0,1427.0,952.0,50073.0,17641.0,3.39,1682.0,385.0,17.16,11.52,9.25,19.56,6.43,1.43,67.07,58209.58,,,,,,10.821237219646527,1297.0
GD,2022-04-03,9392.0,908.0,1121.0,730.0,50876.0,18014.0,2.61,1968.0,141.0,16.33,9.67,7.77,19.66,6.5,1.48,63.82,67450.87,-8.744656043528954,,,,15.87589190645251,10.837146578571375,1827.0
GD,2022-07-03,9189.0,978.0,1190.0,766.0,50481.0,17381.0,2.75,659.0,224.0,17.33,10.64,8.34,20.23,6.51,1.4,66.14,62167.07,-2.1614139693356016,,,,-7.833553518286706,10.829352306844557,435.0
GD,2022-10-02,9975.0,1098.0,1317.0,902.0,51116.0,17651.0,3.26,1283.0,255.0,16.69,11.01,9.04,20.08,6.54,1.34,65.1,58186.82,8.553705517466526,,,,-6.402505377847145,10.841852838728594,1028.0
GD,2022-12-31,10851.0,1227.0,1467.0,992.0,51585.0,18568.0,3.57,669.0,494.0,16.87,11.31,9.14,18.72,6.67,1.37,57.94,68118.34,8.781954887218046,5.431403031480753,5.309734513274322,4.201680672268915,17.068332656776896,10.850986211534476,175.0
GD,2023-04-02,9881.0,938.0,1164.0,730.0,52096.0,19087.0,2.64,1462.0,161.0,15.42,9.49,7.39,18.27,6.58,1.39,55.02,62692.42,-8.939268270205513,5.206558773424197,1.1494252873563315,0.0,-7.9654319233263715,10.860843449362212,1301.0
GD,2023-07-02,10152.0,962.0,1169.0,744.0,52556.0,19478.0,2.7,731.0,212.0,15.44,9.48,7.33,18.28,6.54,1.39,50.08,59023.3,2.7426373848800756,10.479921645445645,-1.8181818181818077,-2.872062663185382,-5.852573564714836,10.869634546761713,519.0
GD,2023-10-01,10571.0,1057.0,1265.0,836.0,53525.0,19957.0,3.04,1321.0,227.0,15.68,10.0,7.91,17.56,6.31,1.43,46.37,60334.22,4.127265563435767,5.9749373433583886,-6.7484662576687064,-7.317073170731703,2.221021189936856,10.887904113457884,1094.0
GD,2023-12-31,11668.0,1288.0,1510.0,1005.0,54810.0,21299.0,3.63,1196.0,304.0,16.48,11.04,8.61,16.63,6.23,1.44,45.58,70863.13,10.377447734367617,7.529259976039082,1.680672268907557,1.310483870967749,17.450975582347805,10.911627938040162,892.0
GD,2024-03-31,10731.0,1036.0,1247.0,799.0,55246.0,21410.0,2.88,-278.0,159.0,15.5,9.65,7.45,16.71,6.31,1.44,43.25,77506.26,-8.030510798765855,8.602368181358155,9.090909090909083,9.452054794520537,9.374592965340355,10.919551218569078,-437.0
GD,2024-06-30,11976.0,1156.0,1373.0,905.0,55442.0,22036.0,3.26,814.0,201.0,15.03,9.65,7.56,17.08,6.56,1.33,42.03,79604.0,11.601901034386364,17.966903073286055,20.740740740740726,21.639784946236553,2.706542671520995,10.923092708249172,613.0
GD,2024-09-29,11671.0,1181.0,1399.0,930.0,57312.0,22973.0,3.35,1416.0,201.0,15.56,10.12,7.97,16.95,6.57,1.32,40.34,82468.99,-2.546760187040753,10.405827263267419,10.197368421052634,11.24401913875599,3.5990528114165254,10.956265304860437,1215.0
GD,2024-12-31,13338.0,1423.0,1663.0,1148.0,55880.0,22063.0,4.14,2160.0,355.0,15.63,10.67,8.61,17.44,6.83,1.37,42.11,72451.48,14.2832662154057,14.312649982859105,14.049586776859503,14.22885572139303,-12.147002164086175,10.930961813370898,1805.0
GD,2025-03-30,12223.0,1268.0,1491.0,994.0,56580.0,22225.0,3.66,-148.0,142.0,15.49,10.37,8.13,18.23,7.11,1.34,43.24,72216.18,-8.359574149047832,13.903643649240527,27.08333333333335,24.4055068836045,-0.32476907304033187,10.943410844855558,-290.0
GD,2025-06-29,13041.0,1305.0,1528.0,1014.0,56888.0,23580.0,3.74,1598.0,198.0,14.95,10.01,7.78,17.91,7.27,1.36,36.95,78033.5,6.6923013990018765,8.89278557114228,14.723926380368102,12.044198895027613,8.055424698454017,10.948839701563355,1400.0
GD,2025-09-28,12907.0,1331.0,1557.0,1059.0,57599.0,24434.0,3.88,2109.0,212.0,15.25,10.31,8.2,17.78,7.34,1.4,32.8,88859.26,-1.0275285637604492,10.590352154913884,15.820895522388057,13.87096774193548,13.87322111657172,10.961260485422166,1897.0
GD,2025-12-31,14379.0,1452.0,1704.0,1143.0,57249.0,25622.0,4.16,1561.0,609.0,14.89,10.1,7.95,17.66,7.44,1.44,32.8,91029.42,11.404664135740305,7.804768331084122,0.48309178743961567,-0.4355400696864131,2.4422440610016416,10.955165454015024,952.0
INTC,2021-12-25,20528.0,4664.0,7738.0,4623.0,168406.0,95391.0,1.13,5403.0,7632.0,53.63,22.72,22.52,22.52,12.36,2.13,39.94,208677.77,,,,,,12.03413300960933,-2229.0
INTC,2022-04-02,18353.0,3130.0,6478.0,8113.0,176356.0,103136.0,1.98,5891.0,4797.0,50.37,17.05,44.21,26.92,15.06,2.13,36.11,196707.16,-10.595284489477786,,,,-5.736408818246419,12.08025995833464,1094.0
INTC,2022-07-02,15321.0,151.0,3299.0,-454.0,170418.0,101218.0,-0.11,809.0,7049.0,41.45,0.99,-2.96,20.5,11.76,1.86,35.0,148594.26,-16.520459870320924,,,,-24.459150343078505,12.046009521601311,-6240.0
INTC,2022-10-01,15338.0,489.0,3741.0,1019.0,174841.0,99885.0,0.25,1030.0,7299.0,42.61,3.19,6.64,14.0,7.76,1.77,39.57,105811.62,0.11095881469878055,,,,-28.79158320112769,12.071632268475879,-6269.0
INTC,2022-12-31,14042.0,-507.0,2780.0,-661.0,182103.0,101423.0,-0.16,7703.0,5905.0,40.33,-3.61,-4.71,8.14,4.57,1.57,40.71,109076.61,-8.449602294953706,-31.595869056897897,-114.15929203539822,-114.29807484317543,3.085662992401028,12.112327740044577,1798.0
INTC,2023-04-01,11715.0,-1443.0,923.0,-2768.0,185303.0,98059.0,-0.66,-1785.0,7413.0,34.21,-12.32,-23.63,-2.84,-1.58,1.76,50.07,136266.57,-16.571713431135173,-36.16847381899417,-133.33333333333334,-134.11808209047206,24.927397358608783,12.129747602104619,-9198.0
INTC,2023-07-01,12949.0,-855.0,1421.0,1473.0,185629.0,101017.0,0.35,2808.0,5888.0,35.82,-6.6,11.38,-0.91,-0.53,1.6,46.95,140046.72,10.533504054630804,-15.482018145029697,-418.1818181818182,-424.44933920704847,2.7740846489348048,12.131505337128477,-3080.0
INTC,2023-09-30,14158.0,772.0,3219.0,310.0,188837.0,101813.0,0.07,5824.0,5753.0,42.51,5.45,2.19,-1.63,-0.91,1.53,46.25,148883.4,9.336628311066498,-7.6933107315164895,-72.0,-69.57801766437683,6.309808612440193,12.1486394880693,71.0
INTC,2023-12-30,15406.0,1404.0,3917.0,2660.0,191572.0,105590.0,0.62,4624.0,6696.0,45.74,9.11,17.27,1.63,0.9,1.54,44.8,211854.0,8.81480435089701,9.71371599487252,-487.5,-502.4205748865356,42.295245809808215,12.163018996052674,-2072.0
INTC,2024-03-30,12724.0,-721.0,1830.0,-437.0,192733.0,105973.0,-0.09,-1223.0,5970.0,41.0,-5.67,-3.43,3.99,2.12,1.57,47.36,188026.05,-17.40880176554589,8.612889457959882,-86.36363636363636,-84.21242774566474,-11.247344869580001,12.169061090389416,-7193.0
INTC,2024-06-29,12833.0,-1021.0,1548.0,-1654.0,206205.0,115229.0,-0.38,2292.0,5682.0,35.43,-7.96,-12.89,0.9,0.45,1.59,44.03,131839.29,0.8566488525620919,-0.8958220712024123,-208.57142857142858,-212.28784792939578,-29.882433843608368,12.23662609857363,-3390.0
INTC,2024-09-28,13284.0,-3435.0,177.0,-16989.0,193542.0,99532.0,-3.88,4054.0,6458.0,15.03,-25.86,-127.89,-15.85,-8.59,1.31,47.91,102023.97,3.514376996805102,-6.173188303432687,-5642.857142857142,-5580.322580645161,-22.614897273794487,12.17324982216267,-2404.0
INTC,2024-12-28,14260.0,469.0,3116.0,-153.0,196485.0,99270.0,-0.03,3165.0,5834.0,39.16,3.29,-1.07,-18.31,-9.91,1.33,47.62,87553.9,7.347184582956934,-7.438660262235497,-104.83870967741935,-105.75187969924814,-14.183010129874384,12.18834137149986,-2669.0
INTC,2025-03-29,12667.0,-145.0,2529.0,-887.0,192242.0,99756.0,-0.19,813.0,5183.0,36.88,-1.14,-7.0,-18.66,-10.23,1.31,47.13,99029.04,-11.171107994389907,-0.44797233574347395,111.11111111111111,102.97482837528604,13.10637218901729,12.166510274018322,-4370.0
INTC,2025-06-28,12859.0,-1286.0,1727.0,-3024.0,192520.0,97883.0,-0.67,2050.0,3550.0,27.54,-10.0,-23.52,-19.24,-10.56,1.24,48.0,98973.78,1.5157495855372183,0.20260266500429225,76.31578947368422,82.82950423216444,-0.05580181328628253,12.167955323417045,-1500.0
INTC,2025-09-27,13653.0,858.0,3850.0,4270.0,204514.0,106376.0,0.9,2546.0,2425.0,38.22,6.28,31.28,0.19,0.1,1.6,39.88,165794.28,6.174663659693591,2.777777777777768,-123.1958762886598,-125.13391017717346,67.51333535002908,12.22839171177944,121.0
INTC,2025-12-27,13674.0,550.0,3577.0,-333.0,211429.0,114281.0,-0.12,4288.0,3488.0,36.15,4.02,-2.44,-0.25,0.01,2.02,36.87,172674.0,0.1538123489343013,-4.109396914446006,300.0,117.64705882352939,4.149552083461505,12.261644523709958,800.0
JNJ,2022-01-02,9769.0,1325.0,3168.0,1659.0,182018.0,74023.0,0.62,5732.0,1370.0,84.62,13.56,16.98,25.93,9.98,1.35,45.6,450358.36,,,,,,12.111860862267442,4362.0
JNJ,2022-04-03,23426.0,7632.0,9401.0,5149.0,178355.0,74709.0,1.93,3979.0,359.0,67.63,32.58,21.98,23.84,9.55,1.39,44.37,468571.18,139.79936533933875,,,,4.044072813481248,12.091531225157178,3620.0
JNJ,2022-07-03,24020.0,6742.0,8486.0,4814.0,177724.0,76357.0,1.8,5581.0,797.0,67.1,28.07,20.04,20.95,8.63,1.42,42.69,472389.25,2.535644156065908,,,,0.8148324444537947,12.087987064111436,4784.0
JNJ,2022-10-02,19996.0,5738.0,6941.0,4310.0,175124.0,74599.0,1.62,6284.0,944.0,69.13,28.7,21.55,20.43,8.35,1.43,42.93,429502.83,-16.75270607826811,,,,-9.07861895671842,12.07324957341601,5340.0
JNJ,2023-01-01,19939.0,5311.0,7083.0,3227.0,187378.0,76804.0,1.22,5350.0,1366.0,69.49,26.64,16.18,21.71,8.86,0.99,51.64,461848.53,-0.2850570114022788,104.10482137373323,96.7741935483871,94.51476793248945,7.530963183641881,12.140883245950512,3984.0
JNJ,2023-04-02,20894.0,6106.0,7986.0,-491.0,195969.0,70869.0,-0.19,3257.0,823.0,68.0,29.22,-2.35,14.74,5.73,1.07,74.65,402750.43,4.789608305331261,-10.808503372321354,-109.84455958549222,-109.53583220042727,-12.795991794106188,12.18571176243822,2434.0
JNJ,2023-07-02,21519.0,6442.0,8376.0,5376.0,191686.0,75149.0,2.05,4182.0,1048.0,69.97,29.94,24.98,14.91,6.11,1.12,59.68,430142.46,2.991289365368055,-10.412156536219818,13.888888888888884,11.674283340257574,6.801241652305623,12.163613895589602,3134.0
JNJ,2023-10-01,21351.0,6525.0,7971.0,4309.0,166061.0,71228.0,1.69,7489.0,846.0,70.12,30.56,20.18,17.04,7.28,1.21,42.01,375048.21,-0.7807054231144583,6.776355271054202,4.320987654320985,-0.023201856148491462,-12.808372835362503,12.020110469717679,6643.0
JNJ,2023-12-31,21395.0,4811.0,6654.0,4132.0,167558.0,68774.0,1.7,7863.0,1468.0,68.23,22.49,19.31,18.31,7.51,1.16,42.65,377316.85,0.20607934054610588,7.302271929384618,39.34426229508197,28.04462348930896,0.6048929016352123,12.029084838966819,6395.0
JNJ,2024-03-31,21383.0,6476.0,8291.0,3255.0,171966.0,70020.0,1.34,3657.0,597.0,69.58,30.29,15.22,24.23,9.28,1.17,48.03,381203.58,-0.05608787099790069,2.340384799463968,-805.263157894737,-762.9327902240326,1.030097118641815,12.055052061836822,3060.0
JNJ,2024-06-30,22447.0,7106.0,8888.0,4686.0,181088.0,71538.0,1.93,5633.0,613.0,69.41,31.66,20.88,22.34,8.79,1.07,58.0,351760.23,4.975915446850299,4.312468051489371,-5.85365853658536,-12.83482142857143,-7.723786329603732,12.10673837994225,5020.0
JNJ,2024-09-29,22471.0,5786.0,7632.0,2694.0,178287.0,70158.0,1.11,7993.0,979.0,69.04,25.75,11.99,20.89,8.58,1.03,50.96,388529.13,0.10691851917850048,5.245655941173721,-34.319526627218934,-37.479693664423294,10.452830327066831,12.091149890368655,7014.0
JNJ,2024-12-29,22520.0,4022.0,5918.0,3431.0,180104.0,71490.0,1.41,6983.0,1560.0,68.44,17.86,15.24,20.06,8.09,1.11,51.24,349225.71,0.21805883138266147,5.258237906052821,-17.05882352941177,-16.965150048402712,-10.115951923604793,12.10128974080081,5423.0
JNJ,2025-03-30,21893.0,6658.0,8430.0,10999.0,193671.0,78109.0,4.54,4174.0,516.0,66.43,30.41,50.24,29.45,11.93,1.26,66.9,394516.17,-2.7841918294849055,2.385072253659448,238.8059701492537,237.91090629800306,12.96882179722678,12.173916122130764,3658.0
JNJ,2025-06-29,23743.0,7018.0,8961.0,5537.0,193389.0,78473.0,2.29,3878.0,990.0,67.94,29.56,23.32,30.21,12.1,1.01,64.69,366709.63,8.450189558306299,5.7736000356395145,18.65284974093264,18.16047801963294,-7.048263699812352,12.17245898344479,2888.0
JNJ,2025-09-28,23993.0,7379.0,9156.0,5152.0,192816.0,79277.0,2.12,9169.0,1081.0,69.61,30.75,21.47,33.62,13.54,1.07,57.77,432802.58,1.0529419197237155,6.7731743135597045,90.990990990991,91.23979213066073,18.023238168029575,12.169491645267174,8088.0
JNJ,2025-12-28,24564.0,5834.0,7845.0,5116.0,199210.0,81544.0,2.09,7309.0,1525.0,67.79,23.75,20.83,35.03,14.13,1.03,58.78,500241.94,2.379860792731203,9.07637655417406,48.22695035460993,49.11104634217429,15.582014321633665,12.20211482367583,5784.0
JPM,2021-12-31,29257.0,12794.0,,10399.0,3743567.0,259289.0,3.33,144143.0,,,,35.54,18.29,1.36,,186.63,,,,,,,15.135549458182043,
JPM,2022-03-31,30717.0,10182.0,,8282.0,3954687.0,253061.0,2.63,57774.0,,,,26.96,16.13,1.11,,201.01,,4.990258741497766,,,,,15.190412015723432,
JPM,2022-06-30,30715.0,10938.0,,8649.0,3841314.0,253305.0,2.76,-27832.0,,,,28.16,14.68,1.04,,198.97,,-0.006511052511637416,,,,,15.161325053531119,
JPM,2022-09-30,32716.0,12048.0,,9737.0,3773884.0,255180.0,3.12,-68381.0,,,,29.76,13.8,0.98,,199.74,,6.514732215529873,,,,,15.143615267819282,
JPM,2022-12-31,34547.0,13264.0,,11008.0,3665743.0,264928.0,3.57,8663.0,,,,31.86,13.69,1.02,,185.58,,5.596649957207478,18.081142974330923,7.2072072072072,5.8563323396480405,,15.1145416012692,
JPM,2023-03-31,38010.0,15804.0,,12622.0,3744305.0,275678.0,4.1,-77558.0,,,,33.21,15.22,1.09,,192.73,,10.024025240976053,23.742552983689812,55.893536121673,52.40280125573533,,15.135746576936848,
JPM,2023-06-30,38595.0,15893.0,,14472.0,3868240.0,285112.0,4.75,-42600.0,,,,37.5,17.11,1.24,,214.83,,1.5390686661404862,25.655217320527424,72.10144927536233,67.32570239334028,,15.168310181200255,
JPM,2023-09-30,39774.0,17542.0,,13151.0,3898333.0,289967.0,4.33,29818.0,,,,33.06,18.16,1.34,,213.32,,3.0547998445394464,21.57354199779924,38.78205128205128,35.06213412755468,,15.176059583825676,
JPM,2023-12-31,38611.0,14655.0,,9307.0,3875393.0,300474.0,3.04,71118.0,,,,24.1,16.89,1.31,,199.18,,-2.9240207170513455,11.763684256230643,-14.845938375350132,-15.452398255813948,,15.170157634981829,
JPM,2024-03-31,41934.0,18176.0,,13419.0,4090727.0,306737.0,4.44,-129149.0,,,,32.0,16.66,1.29,,228.08,,8.606355701743018,10.323599052880827,8.292682926829297,6.314371731896684,,15.224233262834463,
JPM,2024-06-30,42091.0,16880.0,,18149.0,4143003.0,316652.0,6.12,6248.0,,,,43.12,17.35,1.35,,247.29,,0.37439786330901725,9.05816815649696,28.84210526315789,25.407683803206194,,15.236931445172239,
JPM,2024-09-30,42654.0,17379.0,,12898.0,4210048.0,324186.0,4.37,-44603.0,,,,30.24,16.96,1.33,,245.82,,1.337578104582926,7.240911147986129,0.9237875288683695,-1.9238080754315212,,15.252984607018746,
JPM,2024-12-31,42768.0,17773.0,,14005.0,4002814.0,324708.0,4.81,128791.0,,,,32.75,18.19,1.48,,217.88,,0.2672668448445714,10.766361917588263,58.22368421052631,50.478134737294496,,15.202508171744036,
JPM,2025-03-31,44722.0,18264.0,,14643.0,4357856.0,331375.0,5.07,-166810.0,,,,32.74,18.25,1.41,,286.05,,4.568836513280949,6.648542948442793,14.18918918918919,9.121395036888003,,15.287490751260652,
JPM,2025-06-30,44872.0,18362.0,,14987.0,4552482.0,336879.0,5.24,97980.0,,,,33.4,16.88,1.3,,302.71,,0.33540539331873287,6.6071131595828,-14.379084967320255,-17.42244751776958,,15.331183136704585,
JPM,2025-09-30,46427.0,18919.0,,14393.0,4560205.0,340167.0,5.07,-59122.0,,,,31.0,17.06,1.32,,295.42,,3.465412729541817,8.845594785952082,16.0183066361556,11.590944332454644,,15.332878136620423,
JPM,2025-12-31,45798.0,17546.0,,13025.0,4424900.0,342393.0,4.63,133338.0,,,,28.44,16.69,1.35,,260.01,,-1.354815086049066,7.084736251402912,-3.7422037422037313,-6.997500892538378,,15.302758237298752,
LMT,2021-12-31,17729.0,2455.0,2820.0,2049.0,50873.0,10959.0,7.48,4268.0,607.0,13.66,13.85,11.56,74.41,12.43,1.42,106.54,98017.26,,,,,,10.837087609932846,3661.0
LMT,2022-03-27,14964.0,1933.0,2262.0,1733.0,51510.0,10002.0,6.44,1410.0,268.0,12.76,12.92,11.58,76.14,12.07,1.27,116.43,120915.86,-15.595916295335321,,,,23.361803829243954,10.849531242559632,1142.0
LMT,2022-06-26,15446.0,1963.0,2306.0,309.0,51758.0,11432.0,1.16,1331.0,304.0,12.66,12.71,2.0,52.41,9.06,1.27,101.85,111509.47,3.221063886661324,,,,-7.7792855296236585,10.85433428855189,1027.0
LMT,2022-09-25,16583.0,2159.0,2452.0,1778.0,52030.0,11966.0,6.71,3133.0,405.0,12.78,13.02,10.72,54.35,11.3,1.28,95.94,109526.43,7.361129094911312,,,,-1.7783601697685447,10.85957575428435,2728.0
LMT,2022-12-31,18991.0,2393.0,2832.0,1912.0,52880.0,9266.0,7.42,1928.0,693.0,12.65,12.6,10.07,56.68,11.05,1.32,167.79,127496.36,14.520894892359637,7.118280782898068,-0.8021390374331583,-6.68618838457784,16.406934837554733,10.875780474525568,1235.0
LMT,2023-03-26,15126.0,2037.0,2362.0,1689.0,54622.0,9646.0,6.61,1564.0,294.0,13.53,13.47,11.17,57.9,10.72,1.3,161.73,120779.42,-20.351745563688063,1.0825982357658415,2.6397515527950333,-2.5389497980380815,-5.26833864119729,10.90819201098127,1270.0
LMT,2023-06-25,16693.0,2135.0,2469.0,1681.0,56978.0,9240.0,6.63,1100.0,329.0,12.52,12.79,10.07,68.3,12.99,1.36,189.88,116915.82,10.35964564326326,8.07328758254564,471.55172413793105,444.0129449838188,-3.1988893472083224,10.950420507400779,771.0
LMT,2023-09-24,16878.0,2042.0,2392.0,1684.0,56666.0,9274.0,6.73,2891.0,364.0,12.13,12.1,9.98,65.59,12.82,1.36,187.5,104170.08,1.10824896663273,1.7789302297533727,0.29806259314457684,-5.286839145106859,-10.901638460902896,10.944929662589201,2527.0
LMT,2023-12-31,18874.0,2345.0,2766.0,1866.0,52456.0,6835.0,7.6,2365.0,704.0,12.65,12.42,9.89,85.96,13.14,1.21,255.44,112448.26,11.8260457400166,-0.6160813016692135,2.425876010781658,-2.4058577405857706,7.946792399506641,10.867730001943455,1661.0
LMT,2024-03-31,17195.0,2129.0,2480.0,1545.0,54963.0,6650.0,6.39,1635.0,378.0,11.59,12.38,8.99,83.16,12.37,1.3,292.0,109394.16,-8.89583554095581,13.678434483670499,-3.3282904689863946,-8.525754884547066,-2.7160046762840007,10.914415510559355,1257.0
LMT,2024-06-30,18122.0,2235.0,2594.0,1641.0,55076.0,6175.0,6.85,1876.0,370.0,12.23,12.33,9.06,87.4,12.02,1.24,311.85,112075.11,5.391102064553643,8.560474450368428,3.3182503770738947,-2.3795359904818514,2.4507249747152793,10.916469328564263,1506.0
LMT,2024-09-29,17104.0,2285.0,2675.0,1623.0,55520.0,7200.0,6.8,2438.0,355.0,12.38,13.36,9.49,81.04,11.9,1.3,268.35,138810.17,-5.617481514181655,1.339021211043967,1.0401188707280795,-3.622327790973867,23.854591800088354,10.924498595180687,2083.0
LMT,2024-12-31,18622.0,2195.0,2654.0,527.0,55617.0,6333.0,2.22,1023.0,582.0,3.71,11.79,2.83,81.04,9.87,1.13,320.07,115184.92,8.87511693171188,-1.3351700752357698,-70.78947368421052,-71.7577706323687,-17.019826429144214,10.926244188900702,441.0
LMT,2025-03-30,17963.0,2372.0,2769.0,1712.0,56669.0,6683.0,7.28,1409.0,454.0,12.93,13.2,9.53,82.55,9.86,1.08,303.82,103561.66,-3.5388250456449333,4.466414655423079,13.928012519561817,10.809061488673134,-10.09095635088343,10.94498260298715,955.0
LMT,2025-06-29,18155.0,2994.0,3393.0,342.0,58870.0,5334.0,1.46,201.0,351.0,4.41,16.49,1.88,73.06,7.38,0.98,405.66,107445.78,1.0688637755386088,0.18209910605893054,-78.68613138686132,-79.15904936014626,3.75053856803762,10.983086902022308,-150.0
LMT,2025-09-28,18609.0,2390.0,2818.0,1619.0,60276.0,6181.0,6.95,3728.0,381.0,12.04,12.84,8.7,62.78,7.25,1.13,358.99,113800.21,2.5006885155604452,8.799111318989716,2.205882352941191,-0.24645717806530687,5.9140805716148215,11.006689293538045,3347.0
LMT,2025-12-31,20321.0,2348.0,2811.0,1344.0,59840.0,6721.0,5.8,3219.0,463.0,11.43,11.55,6.61,76.87,8.69,1.09,322.87,111920.17,9.199849535171145,9.123617226935888,161.2612612612612,155.02846299810247,-1.6520531904115177,10.99942961264836,2756.0
META,2021-12-31,33671.0,12585.0,14599.0,10285.0,165987.0,124879.0,3.66,18104.0,5369.0,81.15,37.38,30.55,31.1,24.21,3.15,0.47,935644.81,,,,,,12.019664751019025,12735.0
META,2022-03-31,27908.0,8524.0,10684.0,7465.0,164218.0,123228.0,2.72,14076.0,5315.0,78.48,30.54,26.75,29.07,22.79,2.81,0.49,605251.01,-17.11561878174096,,,,-35.31188293557681,12.00895009240406,8761.0
META,2022-06-30,28822.0,8358.0,10341.0,6687.0,169779.0,125767.0,2.46,12196.0,7528.0,81.99,29.0,23.2,25.48,19.76,2.52,0.49,436394.65,3.2750465816253405,,,,-27.898567240722162,12.04225287029935,4668.0
META,2022-09-30,27714.0,5664.0,7839.0,4395.0,178894.0,124094.0,1.64,9692.0,9355.0,79.38,20.44,15.86,22.4,16.55,2.57,8.46,364646.58,-3.8442856151550853,,,,-16.441097524912372,12.094548730644842,337.0
META,2022-12-31,32165.0,11010.0,13387.0,5014.0,185727.0,125713.0,1.65,14511.0,8988.0,78.73,34.23,15.59,18.8,13.4,2.2,8.44,315555.19,16.060474850256192,-4.472691633750115,-54.91803278688525,-51.249392318911035,-13.462731502925385,12.132033132571529,5523.0
META,2023-03-31,28645.0,8371.0,10898.0,5709.0,184491.0,124795.0,2.2,13998.0,6823.0,78.29,29.22,19.93,17.58,12.51,2.07,8.5,543886.69,-10.943572205813767,2.640819836606001,-19.11764705882353,-23.523107836570667,72.3586577676,12.125355960785107,7175.0
META,2023-06-30,31999.0,10172.0,12797.0,7788.0,206688.0,134033.0,2.98,17309.0,6134.0,81.29,31.79,24.34,17.63,12.17,2.32,14.28,735452.84,11.70884971199162,11.022829782804799,21.138211382113823,16.464782413638403,35.221702152703905,12.238965688832199,11175.0
META,2023-09-30,34146.0,14128.0,16990.0,11583.0,216274.0,142873.0,4.39,20402.0,6496.0,81.85,41.38,33.92,22.55,15.23,2.57,13.33,772488.78,6.709584674521074,23.20848668542974,167.6829268292683,163.5494880546075,5.035800799953405,12.284301401294966,13906.0
META,2023-12-31,40111.0,17533.0,20711.0,14592.0,229623.0,153168.0,5.51,19404.0,7592.0,81.05,43.71,36.38,28.45,19.1,2.67,12.45,909628.61,17.469103262461203,24.70387066687394,233.93939393939394,191.02512963701636,17.75298665179317,12.344194112626475,11812.0
META,2024-03-31,36455.0,14064.0,17438.0,12369.0,222844.0,149529.0,4.71,19246.0,6400.0,81.84,38.58,33.93,33.78,22.75,2.68,12.3,1237940.13,-9.1147066889382,27.26479315761914,114.09090909090907,116.657908565423,36.09291928493761,12.314227254072376,12846.0
META,2024-06-30,39071.0,14888.0,18525.0,14183.0,230238.0,156763.0,5.43,19370.0,8173.0,81.3,38.1,36.3,36.26,24.14,2.83,11.73,1278971.27,7.175970374434226,22.10069064658271,82.21476510067114,82.11350796096559,3.314468850767449,12.346868835495558,11197.0
META,2024-09-30,40589.0,17358.0,21385.0,15688.0,256408.0,164529.0,6.03,24724.0,8258.0,81.83,42.77,38.65,36.98,24.05,2.73,17.52,1448168.3,3.8852345729569304,18.86897440402975,37.357630979498865,35.43986877320211,13.229150174733784,12.454525204789952,16466.0
META,2024-12-31,48385.0,23458.0,27918.0,20838.0,276054.0,182637.0,7.98,27988.0,14425.0,81.75,48.48,43.07,37.57,24.95,2.98,15.78,1478113.28,19.207174357584567,20.627757971628725,44.82758620689658,42.804276315789465,2.067783143713342,12.528351777735809,13563.0
META,2025-03-31,42314.0,17555.0,21455.0,17362.0,280213.0,185029.0,6.7,24026.0,12941.0,82.11,41.49,41.03,40.69,27.06,2.66,15.58,1460299.85,-12.547277048672111,16.071869428062,42.250530785562646,40.36704664888027,-1.2051464688822677,12.543305307240644,11085.0
META,2025-06-30,47516.0,20441.0,24783.0,18337.0,294744.0,195070.0,7.14,25561.0,16538.0,82.13,43.02,38.59,40.65,27.24,1.97,14.78,1855799.8,12.293803469300935,21.614496685521225,31.491712707182316,29.28858492561517,27.0834753561058,12.593862461958329,9023.0
META,2025-09-30,51242.0,20535.0,25502.0,18639.0,303844.0,194066.0,7.25,29999.0,18829.0,82.03,40.07,36.37,41.53,26.58,1.98,14.86,1844866.46,7.841569155652839,26.246027248761973,20.232172470978437,18.810555838857734,-0.5891443678353703,12.624269690783049,11170.0
META,2025-12-31,59893.0,24745.0,30156.0,20868.0,366021.0,217243.0,8.15,36214.0,21383.0,81.79,41.32,34.84,37.26,23.2,2.6,27.59,1663775.06,16.882635338199137,23.784230649994843,2.130325814536338,0.14396775122371697,-9.81596250603417,12.810445987786684,14831.0
NVDA,2022-01-30,7643.0,3616.0,3925.0,3003.0,44187.0,26612.0,0.12,3033.0,273.0,73.86,47.31,39.29,44.83,26.73,6.65,41.13,571000.0,,,,,,10.696185907157652,2760.0
NVDA,2022-05-01,8288.0,3377.0,3711.0,1618.0,45212.0,26320.0,0.06,1731.0,361.0,65.53,40.75,19.52,41.95,24.89,5.32,41.59,464419.54,8.439094596362695,,,,-18.66557968476358,10.719117817310622,1370.0
NVDA,2022-07-31,6704.0,674.0,1052.0,656.0,43476.0,23851.0,0.03,1270.0,433.0,43.48,10.05,9.79,34.41,18.85,3.62,45.91,454075.0,-19.111969111969106,,,,-2.2274127397826526,10.679964340683078,837.0
NVDA,2022-10-30,5931.0,791.0,1197.0,680.0,40488.0,21349.0,0.03,392.0,530.0,53.57,13.34,11.47,26.39,14.69,3.39,51.29,344466.6,-11.530429594272073,,,,-24.13883169079998,10.608760912893914,-138.0
NVDA,2023-01-29,6051.0,1485.0,1911.0,1414.0,41182.0,22101.0,0.06,2248.0,509.0,63.34,24.54,23.37,17.93,10.23,3.52,49.56,500979.0,2.0232675771370667,-20.829517205285885,-50.0,-52.91375291375291,45.43616129981834,10.625756546668091,1739.0
NVDA,2023-04-30,7192.0,2321.0,2705.0,2043.0,44460.0,24520.0,0.08,2911.0,248.0,67.14,32.27,28.41,18.86,10.69,3.43,44.67,686268.65,18.856387373987758,-13.223938223938225,33.33333333333335,26.26699629171818,36.98551236678584,10.702345187518187,2663.0
NVDA,2023-07-30,13507.0,6939.0,7304.0,6188.0,49555.0,27501.0,0.25,6348.0,289.0,71.08,51.37,45.81,40.22,22.2,2.79,35.29,1154725.0,87.8058954393771,101.47673031026252,733.3333333333334,843.2926829268293,68.2613652831147,10.810838442840808,6059.0
NVDA,2023-10-29,18120.0,10578.0,10950.0,9243.0,54148.0,33265.0,0.37,7332.0,278.0,74.84,58.38,51.01,69.17,39.92,3.59,29.18,1000350.0,34.15266158288295,205.5134041476985,1133.3333333333335,1259.264705882353,-13.36898395721925,10.899476317305677,7054.0
NVDA,2024-01-28,22103.0,13755.0,14142.0,12285.0,65728.0,42978.0,0.49,11499.0,254.0,76.6,62.23,55.58,91.46,55.67,4.17,22.59,1507465.7,21.981236203090514,265.27846636919514,716.6666666666666,768.8118811881187,50.69382716049382,11.09328029328823,11245.0
NVDA,2024-04-28,26044.0,17049.0,17459.0,14881.0,77072.0,49142.0,0.6,15345.0,369.0,78.89,65.46,57.14,115.66,70.1,3.53,19.76,2193375.0,17.830158801972583,262.1245828698554,650.0,628.3896231032795,45.50082300380036,11.252495328870001,14976.0
NVDA,2024-07-28,30040.0,18786.0,19219.0,16599.0,85227.0,58157.0,0.67,14488.0,977.0,75.63,62.54,55.26,123.77,78.66,4.27,14.55,2781276.0,15.343265243434189,122.40319834160064,168.00000000000003,168.2449903038138,26.80348777568815,11.353073564023212,13511.0
NVDA,2024-10-27,35082.0,22024.0,22502.0,19309.0,96013.0,65899.0,0.78,17627.0,813.0,75.0,62.78,55.04,127.21,84.01,4.1,12.84,3471976.2,16.784287616511318,93.60927152317882,110.81081081081084,108.90403548631396,24.8339323389696,11.47223887794863,16814.0
NVDA,2025-01-26,39331.0,24195.0,24738.0,22091.0,111601.0,79327.0,0.89,16629.0,1077.0,73.44,61.52,56.17,119.18,82.2,4.44,10.67,3492763.8,12.111624194743742,77.9441704745962,81.63265306122449,79.82091982091981,0.5987253023220562,11.622685289462678,15552.0
NVDA,2025-04-27,44062.0,21798.0,22409.0,18775.0,125254.0,83843.0,0.76,27414.0,1227.0,60.89,49.47,42.61,115.46,75.89,3.39,10.1,2714934.78,12.028679667437903,69.18292121025955,26.666666666666682,26.167596263691962,-22.26972863152098,11.738098954564908,26187.0
NVDA,2025-07-27,46743.0,28541.0,29210.0,26422.0,140740.0,100131.0,1.08,15365.0,1895.0,72.64,61.06,56.53,109.42,76.65,4.21,8.45,4233400.0,6.084608052289964,55.60252996005326,61.19402985074627,59.17826375082835,55.930080942865246,11.85466949552054,13470.0
NVDA,2025-10-26,57006.0,36097.0,36848.0,31910.0,161148.0,118897.0,1.3,23751.0,1636.0,73.56,63.32,55.98,107.36,77.15,4.47,7.12,4526118.0,21.95622874013221,62.49358645459211,66.66666666666667,65.25972344502564,6.914489535597856,11.990078476369176,22115.0
NVDA,2026-01-25,68127.0,44475.0,45287.0,42960.0,206803.0,157293.0,1.76,36188.0,1284.0,75.26,65.28,63.06,101.49,75.42,3.91,5.38,4560381.0,19.50847279233765,73.21451272533118,97.75280898876404,94.468335521253,0.7570063352303258,12.239521928281015,34904.0
PLTR,2021-12-31,432.87,-58.94,-55.1,-156.19,3247.45,2291.03,-0.08,93.43,5.84,79.77,-13.62,-36.08,-27.29,-17.53,4.34,0.0,36489.49,,,,,,8.085625351967414,87.59
PLTR,2022-03-31,446.36,-39.44,-35.13,-101.38,3319.18,2364.75,-0.05,35.48,15.22,78.85,-8.84,-22.71,-23.89,-15.74,4.38,0.0,27859.73,3.116409083558569,,,,-23.649987982841083,8.10747304345218,20.259999999999998
PLTR,2022-06-30,473.01,-41.74,-36.85,-179.33,3282.34,2348.82,-0.09,62.43,5.46,78.39,-8.83,-37.91,-24.4,-16.96,4.36,0.0,18553.5,5.9705170714221545,,,,-33.403877209147396,8.096311861653085,56.97
PLTR,2022-09-30,477.88,-62.19,-56.25,-123.87,3318.84,2386.61,-0.06,47.07,14.44,77.48,-13.01,-25.92,-24.2,-17.14,4.28,0.0,16773.47,1.0295765417221547,,,,-9.594038860592335,8.107370603266613,32.63
PLTR,2022-12-31,508.62,-17.83,-10.45,33.49,3461.24,2565.33,0.01,78.76,4.92,79.49,-3.5,6.58,-15.39,-11.06,5.17,0.0,13354.85,6.432577216037494,17.499480213458995,-112.5,-121.44183366412702,-20.381113746887202,8.149382185351348,73.84
PLTR,2023-03-31,525.19,4.12,12.44,19.15,3683.14,2723.73,0.01,187.38,4.76,79.5,0.78,3.65,-10.04,-7.16,5.41,0.0,17756.72,3.2578349258778783,17.66063267317861,-120.0,-118.88932728348787,32.960834453400835,8.211520928212426,182.62
PLTR,2023-06-30,533.32,10.07,18.47,27.87,3980.26,2955.47,0.01,90.19,3.93,79.96,1.89,5.23,-1.81,-1.19,5.22,0.0,32460.35,1.5480111959481402,12.750258979725594,-111.11111111111111,-115.54118106284503,82.80600245991374,8.289102422777958,86.25999999999999
PLTR,2023-09-30,558.16,39.98,48.65,73.44,4193.42,3190.02,0.03,133.44,1.57,80.66,7.16,13.16,5.28,4.1,5.53,0.66,34413.13,4.657616440411005,16.799196450991882,-150.0,-159.2879631872124,6.015893235901637,8.341271909099298,131.87
PLTR,2023-12-31,608.35,65.79,73.77,96.91,4522.43,3475.56,0.04,301.17,4.86,82.14,10.82,15.93,6.95,5.45,5.55,0.0,37344.48,8.992045291672657,19.607958790452606,300.0,189.36996118244252,8.51811503341895,8.416804738984931,296.31
PLTR,2024-03-31,634.34,80.88,89.32,106.07,4807.08,3775.23,0.04,129.58,2.66,81.67,12.75,16.72,9.19,7.17,5.91,0.0,50891.86,4.272211720226848,20.782954740189254,300.0,453.89033942558746,36.276793785855354,8.477845110151982,126.92000000000002
PLTR,2024-06-30,678.13,105.34,113.4,135.57,5191.88,4050.52,0.06,144.19,2.88,81.04,15.53,19.99,11.55,8.98,5.92,0.0,56407.29,6.903238011161195,27.152553813845337,500.0,386.4370290635091,10.837548480248117,8.55485114563609,141.31
PLTR,2024-09-30,725.52,113.14,121.23,149.34,5768.1,4498.14,0.06,419.77,3.99,79.79,15.59,20.58,12.4,9.8,5.67,0.0,83286.43,6.98833556987597,29.984233911423242,100.0,103.34967320261441,47.651890385090276,8.660098015846401,415.78
PLTR,2024-12-31,827.52,11.04,18.05,76.94,6340.88,5003.27,0.03,460.33,3.11,78.91,1.33,9.3,10.9,8.61,5.96,,172210.72,14.058881905391996,36.0269581655297,-25.0,-20.60674852956351,106.7692420001674,8.754772839061097,457.21999999999997
PLTR,2025-03-31,883.86,176.05,182.67,217.72,6736.92,5424.16,0.08,310.26,6.18,80.43,19.92,24.63,12.41,10.04,6.49,,197863.27,6.808294663573089,39.33537219787495,100.0,105.26067691147358,14.896023894447442,8.81535812616847,304.08
PLTR,2025-06-30,1003.7,269.32,275.85,328.57,7365.69,5928.9,0.13,539.25,7.63,80.78,26.83,32.74,15.3,12.3,6.32,,321566.26,13.558708392731877,48.009968590093344,116.6666666666667,142.36187947185957,62.51943071596868,8.904588010862817,531.62
PLTR,2025-09-30,1181.09,393.26,399.23,476.75,8113.96,6590.46,0.18,507.66,6.79,82.45,33.3,40.37,19.76,15.85,6.43,,432579.37,17.673607651688727,62.79220421215128,200.0,219.23798044730148,34.5226237354628,9.001341314003193,500.87
PLTR,2025-12-31,1406.8,575.39,582.41,611.61,8900.39,7387.27,0.24,777.3,13.27,84.65,40.9,43.47,26.23,21.45,7.11,,423477.17,19.110313354613105,70.00193348801238,700.0,694.918118014037,-2.1041687679188237,9.093850374984871,764.03
XOM,2021-12-31,81305.0,9872.0,15533.0,9026.0,338923.0,168577.0,2.06,17124.0,4089.0,23.83,12.14,11.1,14.11,7.01,1.04,27.15,259051.95,,,,,,12.73352822191963,13035.0
XOM,2022-03-31,87734.0,10806.0,15089.0,5750.0,354771.0,169215.0,1.28,14788.0,3911.0,23.73,12.32,6.55,15.78,7.7,1.07,26.93,347913.95,7.907262775967028,,,,34.30277208876444,12.779227789887575,10877.0
XOM,2022-06-30,111265.0,21439.0,25890.0,18574.0,367774.0,177316.0,4.22,19963.0,3837.0,27.43,19.27,16.69,23.16,11.43,1.16,25.41,356916.37,26.820844826407097,,,,2.587542120688169,12.815223898060946,16126.0
XOM,2022-09-30,106512.0,20999.0,26641.0,20198.0,370152.0,186100.0,4.7,24425.0,4876.0,27.56,19.72,18.96,29.89,15.15,1.34,23.53,359542.58,-4.271783579742062,,,,0.7358054213091991,12.82166901107156,19549.0
XOM,2022-12-31,93164.0,18444.0,23508.0,13025.0,369067.0,195049.0,3.07,17621.0,5783.0,28.95,19.8,13.98,30.64,16.26,1.41,20.34,454215.4,-12.5319212858645,14.585818830330233,49.029126213592214,44.305340128517614,26.331462604512666,12.818733478356215,11838.0
XOM,2023-03-31,83644.0,14581.0,18825.0,11843.0,369371.0,198685.0,2.79,16341.0,5412.0,28.65,17.43,14.16,33.52,17.58,1.46,20.08,443355.38,-10.218539349963507,-4.661818679189366,117.96875,105.96521739130434,-2.3909405097229275,12.819556837980649,10929.0
XOM,2023-06-30,80795.0,10523.0,14765.0,8153.0,363248.0,199046.0,1.94,9383.0,5359.0,24.87,13.02,10.09,27.47,14.56,1.48,20.05,429342.43,-3.406102051551818,-27.38507167572911,-54.02843601895735,-56.10530849574674,-3.160658612059697,12.802841075567407,4024.0
XOM,2023-09-30,88570.0,12411.0,16826.0,9346.0,372259.0,199703.0,2.25,15963.0,4920.0,25.27,14.01,10.55,21.31,11.41,1.42,19.88,470695.41,9.623120242589266,-16.8450503229683,-52.12765957446809,-53.728091890286166,9.631701204094822,12.82734512755419,11043.0
XOM,2023-12-31,81688.0,9732.0,17472.0,7988.0,376317.0,204802.0,1.89,13682.0,6228.0,21.67,11.91,9.78,18.0,10.02,1.48,19.56,399597.51,-7.770125324602006,-12.318062771027439,-38.436482084690546,-38.67178502879079,-15.104863673941493,12.838187152281792,7454.0
XOM,2024-03-31,80411.0,10748.0,15560.0,8566.0,377918.0,205250.0,2.06,14664.0,5074.0,23.51,13.37,10.65,16.23,9.11,1.38,18.98,460108.21,-1.5632651062579606,-3.865190569556698,-26.16487455197133,-27.67035379549101,15.142912176805101,12.842432519851814,9590.0
XOM,2024-06-30,89986.0,12192.0,17979.0,9571.0,460707.0,268405.0,2.14,10560.0,6235.0,22.44,13.55,10.64,14.61,8.61,1.36,15.63,516420.0,11.907574834288837,11.375703942075631,10.309278350515472,17.39237090641481,12.238814430196744,13.040517545078167,4325.0
XOM,2024-09-30,87792.0,11752.0,18010.0,8971.0,461916.0,268592.0,1.93,17569.0,6160.0,23.23,13.39,10.22,14.38,8.41,1.35,15.39,515192.98,-2.438157046651701,-0.8784012645365213,-14.222222222222225,-4.012411726942011,-0.2376011773362774,13.043138335351129,11409.0
XOM,2024-12-31,81058.0,8983.0,15568.0,7927.0,453475.0,263705.0,1.72,12229.0,6837.0,21.28,11.08,9.78,14.37,8.44,1.31,15.41,468252.21,-7.6704027701840705,-0.7712271080207667,-8.994708994708988,-0.7636454682023008,-9.111298449757598,13.02469542022617,5392.0
XOM,2025-03-31,81058.0,10436.0,16138.0,8033.0,451908.0,262720.0,1.76,12953.0,5898.0,22.8,12.87,9.91,14.17,8.32,1.24,13.92,512588.3,0.0,0.8046162838417636,-14.563106796116509,-6.222274106934389,9.468420875151873,13.021233898274318,7055.0
XOM,2025-06-30,79477.0,9388.0,15489.0,7354.0,447597.0,262593.0,1.64,11550.0,6283.0,22.58,11.81,9.25,11.67,7.11,1.25,14.44,459578.03,-1.9504552295886879,-11.678483319627498,-23.364485981308427,-23.163723748824573,-10.34168552032888,13.011648552984576,5267.0
XOM,2025-09-30,83331.0,9910.0,16230.0,7768.0,454340.0,260561.0,1.76,14788.0,8727.0,22.79,11.89,9.32,11.31,6.78,1.14,15.67,475485.42,4.849201655824964,-5.0813285948605795,-8.808290155440412,-13.409876267974585,3.461303404777638,13.026601095417211,6061.0
XOM,2025-12-31,80039.0,8928.0,14943.0,6545.0,448980.0,259386.0,1.52,12679.0,7450.0,22.08,11.15,8.18,11.0,6.58,1.15,16.33,502900.86,-3.950510614297198,-1.2571245281156718,-11.627906976744185,-17.434086035070017,5.7657793166402405,13.01473362230246,5229.0
